"",,Total Hunters,,,Total Harvest,,Percent,,Total Days,,Sample,Response
DAU,estimate,SE LCL,UCL,estimate,SE LCL,UCL,Success,estimate,SE LCL,UCL,Rate,Rate
D-1,121,1 120,123,111,2 107,116,91.9,568,27 517,624,1.000,0.640
D-2,6032,85 5868,6200,3652,93 3474,3839,60.5,22778,684 21477,24158,0.348,0.519
D-3,553,9 536,570,262,10 243,283,47.4,2853,116 2634,3091,0.902,0.587
D-4,5222,84 5059,5389,1799,91 1629,1986,34.4,21232,734 19842,22720,0.289,0.484
D-5,1156,24 1109,1205,537,28 485,594,46.4,4393,240 3947,4889,0.685,0.467
D-6,39,1 37,41,35,1 33,37,88.8,172,8 157,189,1.000,0.805
D-7,4901,67 4772,5034,2480,76 2335,2634,50.6,22670,524 21665,23722,0.417,0.519
D-8,5154,62 5033,5277,1451,74 1313,1604,28.2,24273,587 23151,25451,0.359,0.507
D-9,9670,108 9460,9884,2757,115 2540,2993,28.5,38995,895 37281,40789,0.254,0.527
D-10,1609,40 1533,1689,735,50 642,841,45.7,7828,440 7012,8738,0.366,0.487
D-11,633,0 633,633,415,18 380,453,65.6,3307,142 3040,3598,0.655,0.512
D-12,2811,38 2737,2886,1130,64 1011,1262,40.2,13035,432 12215,13910,0.323,0.501
D-13,1053,0 1053,1053,401,22 360,447,38.1,5323,140 5056,5604,0.602,0.565
D-14,225,5 215,235,106,7 92,121,47,1405,79 1259,1568,0.891,0.572
D-15,1179,31 1120,1242,355,34 294,428,30.1,5250,249 4784,5761,0.668,0.508
D-16,2268,57 2159,2382,1129,61 1016,1255,49.8,9548,423 8756,10413,0.340,0.516
D-17,2367,28 2312,2423,946,52 850,1054,40,12451,692 11167,13883,0.461,0.487
D-18,379,9 361,397,225,14 199,254,59.3,1898,96 1719,2096,0.790,0.459
D-19,1507,16 1476,1539,757,33 695,826,50.2,7628,200 7246,8031,0.551,0.506
D-20,705,7 691,719,491,13 466,517,69.6,3277,89 3107,3456,0.828,0.536
D-21,222,3 216,228,129,9 113,147,58,1081,56 976,1197,0.784,0.545
D-22,276,4 268,284,201,7 189,215,73.1,1463,56 1358,1576,0.936,0.587
D-23,214,6 203,226,87,8 73,105,40.7,1108,53 1008,1217,0.870,0.528
D-24,2409,0 2409,2409,1275,45 1191,1366,52.9,12296,229 11855,12753,0.498,0.509
D-25,476,4 469,483,344,11 323,365,72.2,2269,69 2138,2408,0.841,0.564
D-26,820,0 820,820,437,18 403,473,53.2,3839,65 3713,3969,0.521,0.582
D-27,1877,43 1793,1964,415,34 354,486,22.1,9401,453 8555,10331,0.506,0.483
D-28,1601,32 1540,1665,748,28 695,805,46.7,7554,436 6747,8458,0.823,0.472
D-29,931,0 931,931,547,21 508,589,58.8,4106,99 3916,4306,0.594,0.523
D-30,5121,0 5121,5121,2238,82 2083,2406,43.7,23072,446 22213,23964,0.395,0.492
D-31,266,2 263,269,236,3 230,241,88.5,551,14 525,579,1.000,0.607
D-32,1115,16 1085,1147,583,31 525,646,52.2,4922,192 4560,5312,0.556,0.493
D-33,398,0 398,398,152,9 135,172,38.3,1503,55 1400,1615,0.951,0.505
D-34,2957,64 2835,3084,1327,66 1204,1462,44.9,12658,549 11627,13782,0.347,0.506
D-35,1040,0 1040,1040,465,28 414,522,44.7,4889,136 4628,5163,0.483,0.495
D-36,391,8 376,406,242,12 220,266,61.8,1767,84 1610,1940,0.803,0.485
D-37,313,6 302,325,132,11 112,156,42.2,1464,60 1351,1587,0.749,0.541
D-38,1024,0 1024,1024,420,27 371,476,41,4210,167 3896,4549,0.495,0.527
D-40,1230,0 1230,1230,493,28 441,552,40.1,5673,78 5523,5828,0.517,0.471
D-41,638,0 638,638,356,17 325,391,55.8,3018,105 2820,3230,0.652,0.510
D-42,1403,30 1346,1462,440,36 376,515,31.4,7504,261 7009,8033,0.413,0.518
D-43,2671,0 2671,2671,800,42 722,886,30,11907,171 11576,12247,0.513,0.508
D-44,1712,26 1662,1765,766,35 701,837,44.7,9344,496 8422,10367,0.701,0.449
D-45,957,13 933,982,373,17 340,409,39,5271,234 4833,5749,0.879,0.491
D-46,956,15 927,986,505,19 469,544,52.8,3752,216 3352,4200,0.790,0.479
D-47,1271,8 1256,1287,595,21 555,638,46.8,5173,165 4860,5507,0.818,0.470
D-48,708,19 672,747,378,21 340,421,53.4,4318,436 3544,5261,0.763,0.465
D-49,2087,43 2005,2173,1150,61 1037,1275,55.1,13926,1384 11467,16912,0.446,0.464
D-50,897,12 873,921,459,21 420,502,51.2,4305,247 3847,4817,0.659,0.458
D-51,1197,11 1175,1219,549,33 489,617,45.9,5777,257 5295,6303,0.502,0.476
D-52,1074,13 1050,1099,428,19 391,468,39.8,5606,137 5344,5880,0.755,0.510
D-53,608,17 576,642,276,20 239,317,45.3,2856,116 2637,3092,0.667,0.477
D-54,1219,24 1173,1266,696,26 647,748,57.1,4754,212 4356,5188,0.736,0.435
D-55,769,1 767,771,455,19 419,494,59.1,3308,104 3111,3518,0.715,0.445
"",,,,Total,Total,Percent,Total
Unit,Bucks,Does,Fawns,Harvest,Hunters,Success,Rec. Days
1,18,0,0,18,19,95,74
2,36,0,0,36,41,88,215
201,59,0,0,59,61,97,279
3,948,163,17,"1,128","1,624",69,"5,390"
301,665,104,6,775,"1,129",69,"3,948"
4,847,116,23,986,"1,669",59,"7,004"
441,228,14,0,242,398,61,"1,371"
5,200,17,0,217,417,52,"1,740"
6,86,0,0,86,144,60,787
7,120,79,9,208,"1,209",17,"5,284"
8,223,87,0,310,"1,260",25,"6,799"
9,141,103,0,244,490,50,"1,758"
10,35,0,0,35,39,90,172
11,478,23,4,505,756,67,"3,362"
211,376,35,2,413,648,64,"2,663"
12,392,4,0,396,941,42,"4,320"
13,266,9,0,275,481,57,"1,893"
131,22,6,0,28,95,29,619
231,17,11,0,28,138,20,747
14,83,24,0,107,401,27,"1,980"
214,66,19,0,85,264,32,"1,123"
15,400,158,12,570,"1,884",30,"9,996"
16,39,0,0,39,113,35,530
161,86,0,0,86,142,61,730
17,25,0,0,25,85,29,482
171,27,0,0,27,71,38,325
18,553,390,57,"1,000","3,551",28,"14,802"
181,245,190,16,451,"1,097",41,"4,213"
19,307,102,10,419,982,43,"3,829"
191,470,132,16,618,"1,283",48,"3,563"
20,602,133,0,735,"1,609",46,"7,828"
21,320,0,0,320,415,77,"2,138"
22,501,39,4,544,815,67,"3,975"
23,212,22,3,237,755,31,"3,889"
24,33,14,0,47,260,18,"1,173"
25,294,80,7,381,"1,122",34,"5,096"
26,202,74,4,280,784,36,"3,187"
27,116,62,5,183,858,21,"2,882"
28,316,169,25,510,"2,086",24,"8,619"
29,111,91,14,216,746,29,"3,548"
30,80,16,0,96,218,44,"1,170"
31,284,0,0,284,483,59,"2,268"
32,65,10,0,75,155,48,750
33,360,75,6,441,"1,403",31,"7,503"
34,97,25,4,126,752,17,"3,607"
35,326,58,4,388,"1,293",30,"4,908"
36,212,86,0,298,"1,203",25,"5,878"
361,77,26,0,103,307,34,"1,089"
37,319,172,50,541,"1,584",34,"6,080"
371,58,18,0,76,498,15,"2,400"
38,122,74,4,200,"1,130",18,"5,857"
39,130,88,3,221,636,35,"2,931"
391,85,60,8,153,434,35,"2,443"
40,225,0,0,225,376,60,"1,894"
41,269,18,5,292,834,35,"3,893"
411,59,47,4,110,253,43,"1,268"
42,386,9,0,395,916,43,"3,816"
"",,,,Total,Total,Percent,Total
Unit,Bucks,Does,Fawns,Harvest,Hunters,Success,Rec. Days
421,430,17,0,447,"1,064",42,"5,329"
43,270,19,0,289,779,37,"4,101"
44,90,13,5,108,227,48,"1,411"
444,239,36,0,275,608,45,"2,857"
45,50,34,0,84,462,18,"2,400"
46,135,39,0,174,389,45,"1,474"
461,93,36,8,137,403,34,"2,662"
47,84,3,0,87,198,44,876
471,25,3,0,28,77,36,347
48,64,11,0,75,267,28,"1,379"
481,60,69,3,132,387,34,"1,525"
49,324,38,10,372,823,45,"3,693"
50,103,8,0,111,326,34,"1,447"
500,11,0,0,11,139,8,732
501,211,84,2,297,559,53,"2,032"
51,206,59,0,265,506,52,"2,941"
511,236,34,2,272,421,65,"1,914"
512,15,12,0,27,27,100,30
52,230,91,0,321,602,53,"2,644"
521,119,2,0,121,344,35,"1,868"
53,211,32,0,243,338,72,"1,562"
54,128,0,0,128,222,58,"1,082"
55,132,0,0,132,158,84,810
551,70,0,0,70,118,59,654
56,85,26,0,111,290,38,"1,361"
561,38,0,0,38,235,16,986
57,102,34,0,136,346,39,"1,438"
58,211,16,0,227,485,47,"1,856"
581,355,35,3,393,616,64,"2,560"
59,68,12,1,81,205,40,741
591,68,11,0,79,243,33,"1,619"
60,83,6,0,89,214,42,"1,108"
61,140,0,0,140,274,51,"1,549"
62,486,133,0,619,"1,233",50,"6,080"
63,224,22,3,249,366,68,"1,717"
64,161,5,0,166,467,36,"1,897"
65,326,3,0,329,763,43,"3,777"
66,160,0,0,160,235,68,"1,055"
67,185,0,0,185,243,76,"1,229"
68,173,0,0,173,390,44,"1,786"
681,257,4,0,261,427,61,"2,039"
682,3,0,0,3,5,60,12
69,383,100,0,483,"1,045",46,"4,675"
691,58,5,0,63,116,54,435
70,752,13,0,765,"1,338",57,"7,055"
71,197,0,0,197,455,43,"2,300"
711,317,0,0,317,615,52,"2,945"
72,296,31,0,327,507,64,"2,211"
73,203,19,0,222,424,52,"1,899"
74,146,0,0,146,565,26,"3,242"
741,218,64,0,282,509,55,"2,363"
75,427,117,0,544,"1,242",44,"5,775"
751,337,32,0,369,927,40,"3,698"
76,40,0,0,40,76,53,399
77,555,52,0,607,"1,369",44,"6,596"
771,250,20,0,270,551,49,"2,060"
78,390,58,3,451,"1,036",44,"4,948"
"",,,,Total,Total,Percent,Total
Unit,Bucks,Does,Fawns,Harvest,Hunters,Success,Rec. Days
79,150,27,0,177,281,63,"1,101"
791,3,20,2,25,33,76,267
80,242,7,0,249,511,49,"2,288"
81,200,16,0,216,529,41,"2,601"
82,133,0,0,133,313,42,"1,464"
83,97,59,7,163,187,87,386
84,364,175,0,539,"1,216",44,"4,782"
85,337,78,2,417,789,53,"3,673"
851,44,0,2,46,116,40,437
86,181,44,0,225,493,46,"2,415"
861,13,0,0,13,89,15,351
87,49,25,2,76,202,38,798
88,29,14,4,47,145,32,470
89,61,64,11,136,290,47,960
90,35,34,6,75,180,42,654
91,65,97,25,187,367,51,"2,098"
92,40,80,13,133,339,39,"1,704"
93,55,15,4,74,154,48,649
94,53,30,0,83,219,38,"1,173"
95,89,97,18,204,340,60,"1,514"
951,84,21,10,115,263,44,"1,523"
96,105,123,21,249,526,47,"2,851"
97,33,17,0,50,87,57,314
98,121,53,4,178,297,60,"1,116"
99,169,109,5,283,498,57,"2,044"
100,79,33,2,114,182,63,632
101,96,44,3,143,244,59,"1,080"
102,192,117,3,312,525,59,"2,251"
103,44,87,7,138,389,35,"1,438"
104,268,339,17,624,"1,165",54,"9,866"
105,247,146,17,410,760,54,"3,583"
106,85,21,4,110,153,72,454
107,138,58,9,205,367,56,"1,201"
109,132,74,6,212,403,53,"1,515"
110,76,39,0,115,245,47,"2,091"
111,42,8,2,52,83,63,376
112,41,14,0,55,111,50,658
113,19,6,0,25,70,36,416
114,24,22,0,46,98,47,228
115,36,4,4,44,67,66,218
116,120,38,2,160,310,52,"1,400"
117,66,13,6,85,169,50,819
118,40,15,3,58,106,55,455
119,23,12,0,35,57,61,206
120,34,18,0,52,102,51,403
121,43,36,3,82,144,57,631
122,40,49,0,89,221,40,915
123,28,31,4,63,129,49,894
124,31,25,0,56,90,62,309
125,27,40,2,69,205,34,"1,247"
126,44,57,5,106,213,50,925
127,77,51,0,128,238,54,936
128,41,30,11,82,231,35,"1,706"
129,34,16,0,50,125,40,834
130,33,15,0,48,102,47,543
132,51,36,0,87,199,44,691
133,6,2,0,8,46,17,192
"",,,,Total Total,Percent,,Total
Unit,Bucks,Does,Fawns,Harvest Hunters,Success,,Rec. Days
134,27,8,0,35,59,59,366
135,11,21,2,34,100,34,547
136,68,23,2,93,187,50,588
137,24,1,0,25,69,36,256
138,13,7,0,20,22,91,57
139,90,24,0,114,189,60,889
140,108,9,0,117,206,57,801
141,19,0,0,19,45,42,195
142,32,9,1,42,91,46,513
143,49,10,0,59,143,41,570
144,51,10,0,61,171,36,666
145,19,8,0,27,71,38,241
146,40,29,2,71,153,46,"1,101"
147,5,4,0,9 53,17,202
Total,"30,114","7,574",615,"38,303 88,185",43,,"403,007"
"2018 Deer Harvest, Hunters and Recreation Days for All Rifle Seasons",,,,,,,
"",,,,Total Total,Percent,,Total
Unit,Bucks,Does,Fawns,Harvest Hunters,Success,,Rec. Days
1,17,0,0,17,17,100,53
2,30,0,0,30,31,97,139
201,45,0,0,45,45,100,158
3,942,163,17,"1,122","1,539",73,"5,014"
301,626,94,6,726,"1,074",68,"3,472"
4,817,115,13,945,"1,492",63,"6,140"
441,224,14,0,238,369,64,"1,207"
5,166,11,0,177,277,64,970
6,68,0,0,68,88,77,389
7,66,45,9,120,667,18,"2,625"
8,127,40,0,167,621,27,"2,574"
9,139,89,0,228,420,54,"1,244"
10,31,0,0,31,33,94,106
11,464,23,4,491,700,70,"2,991"
211,373,35,2,410,625,66,"2,568"
12,387,4,0,391,848,46,"3,781"
13,260,9,0,269,465,58,"1,768"
131,11,3,0,14,58,24,222
231,17,0,0,17,93,18,425
14,49,7,0,56,259,22,"1,079"
214,46,8,0,54,207,26,674
15,384,136,12,532,"1,421",37,"6,877"
16,35,0,0,35,80,44,327
161,62,0,0,62,88,70,347
17,17,0,0,17,56,30,220
171,23,0,0,23,46,50,175
18,488,328,57,873,"2,796",31,"10,549"
181,232,163,16,411,931,44,"3,181"
19,265,83,0,348,667,52,"2,265"
191,460,118,16,594,"1,019",58,"2,736"
20,577,95,0,672,"1,293",52,"5,785"
21,283,0,0,283,361,78,"1,778"
22,459,39,4,502,667,75,"3,056"
23,178,8,0,186,525,35,"2,491"
24,25,5,0,30,154,19,603
"",,,,Total,Total,Percent,Total
Unit,Bucks,Does,Fawns,Harvest,Hunters,Success,Rec. Days
25,291,74,7,372,910,41,"3,927"
26,186,65,4,255,633,40,"2,501"
27,112,40,5,157,691,23,"2,077"
28,290,122,15,427,"1,610",27,"5,885"
29,90,63,11,164,531,31,"2,376"
30,67,14,0,81,171,47,757
31,245,0,0,245,375,65,"1,545"
32,32,0,0,32,65,49,210
33,317,45,6,368,"1,157",32,"5,956"
34,69,13,4,86,550,16,"2,490"
35,303,49,4,356,"1,061",34,"3,791"
36,184,74,0,258,879,29,"3,940"
361,77,19,0,96,266,36,890
37,307,110,47,464,"1,134",41,"3,839"
371,36,9,0,45,283,16,"1,104"
38,103,69,4,176,847,21,"4,370"
39,83,55,3,141,374,38,"1,217"
391,71,57,8,136,376,36,"2,203"
40,158,0,0,158,266,59,"1,118"
41,220,9,0,229,634,36,"2,899"
411,59,47,4,110,241,46,"1,196"
42,334,4,0,338,754,45,"2,769"
421,379,0,0,379,845,45,"3,642"
43,219,11,0,230,496,46,"2,263"
44,73,4,5,82,128,64,592
444,180,19,0,199,448,44,"1,947"
45,34,16,0,50,218,23,871
46,114,15,0,129,283,46,"1,098"
461,85,33,8,126,350,36,"2,361"
47,81,0,0,81,139,58,576
471,13,0,0,13,39,33,131
48,47,0,0,47,158,30,601
481,49,67,3,119,354,34,"1,337"
49,298,24,10,332,647,51,"2,292"
50,96,0,0,96,238,40,837
500,11,0,0,11,58,19,313
501,186,65,0,251,400,63,"1,181"
51,174,34,0,208,346,60,"2,166"
511,168,32,2,202,265,76,880
512,15,12,0,27,27,100,30
52,202,91,0,293,509,58,"2,080"
521,93,2,0,95,226,42,965
53,197,32,0,229,278,82,"1,156"
54,120,0,0,120,181,66,788
55,103,0,0,103,120,86,527
551,60,0,0,60,83,72,362
56,77,22,0,99,238,42,"1,083"
561,36,0,0,36,212,17,812
57,93,34,0,127,305,42,"1,136"
58,170,10,0,180,360,50,"1,108"
581,326,23,3,352,518,68,"1,930"
59,46,12,1,59,149,40,501
591,68,11,0,79,238,33,"1,576"
60,67,6,0,73,158,46,811
61,129,0,0,129,224,58,"1,101"
62,438,133,0,571,"1,045",55,"4,571"
63,186,22,3,211,295,72,"1,221"
"",,,,Total,Total,Percent,Total
Unit,Bucks,Does,Fawns,Harvest,Hunters,Success,Rec. Days
64,148,5,0,153,423,36,"1,666"
65,283,3,0,286,643,44,"2,895"
66,127,0,0,127,173,73,709
67,144,0,0,144,179,80,805
68,133,0,0,133,277,48,"1,135"
681,219,4,0,223,299,75,"1,238"
682,3,0,0,3,3,100,10
69,360,62,0,422,831,51,"3,264"
691,54,5,0,59,102,58,316
70,683,13,0,696,"1,125",62,"5,539"
71,167,0,0,167,345,48,"1,529"
711,298,0,0,298,540,55,"2,477"
72,246,31,0,277,431,64,"1,723"
73,161,19,0,180,332,54,"1,212"
74,76,0,0,76,294,26,"1,417"
741,195,60,0,255,427,60,"1,807"
75,352,92,0,444,917,48,"3,943"
751,319,21,0,340,746,46,"2,876"
76,19,0,0,19,35,54,168
77,475,16,0,491,"1,100",45,"5,002"
771,245,17,0,262,520,50,"1,861"
78,308,21,3,332,727,46,"2,918"
79,148,27,0,175,252,69,936
791,3,20,2,25,33,76,267
80,194,7,0,201,329,61,"1,170"
81,150,16,0,166,293,57,"1,087"
82,118,0,0,118,240,49,"1,074"
83,90,59,7,156,173,90,311
84,301,152,0,453,974,47,"3,439"
85,295,78,2,375,693,54,"3,012"
851,36,0,2,38,94,40,355
86,158,29,0,187,410,46,"1,533"
861,3,0,0,3,64,5,236
87,44,23,2,69,153,45,481
88,26,14,2,42,132,32,413
89,40,43,11,94,161,58,472
90,17,11,0,28,77,36,272
91,40,31,16,87,190,46,599
92,15,20,7,42,158,27,597
93,39,12,4,55,86,64,339
94,27,25,0,52,130,40,473
95,71,58,6,135,189,71,616
951,63,18,10,91,171,53,597
96,56,65,8,129,242,53,776
97,33,17,0,50,67,75,207
98,80,45,4,129,175,74,535
99,123,93,0,216,312,69,969
100,55,21,2,78,108,72,245
101,48,28,3,79,107,74,339
102,114,67,3,184,260,71,881
103,39,79,5,123,320,38,986
104,103,306,17,426,773,55,"6,453"
105,219,129,17,365,608,60,"2,090"
106,61,21,4,86,126,68,374
107,124,58,8,190,302,63,854
109,105,62,4,171,295,58,870
110,31,36,0,67,111,60,347
"",,,,Total Total,Percent,Total
Unit,Bucks,Does,Fawns,Harvest Hunters,Success,Rec. Days
111,28,8,2,38 54,70,177
112,27,7,0,34 50,68,143
113,16,5,0,21 44,48,144
114,24,22,0,46 90,51,210
115,26,4,4,34 53,64,136
116,82,34,2,118 243,49,801
117,63,13,5,81 138,59,478
118,24,15,3,42 69,61,194
119,23,12,0,35 43,81,104
120,27,15,0,42 63,67,198
121,33,36,3,72 94,77,249
122,38,49,0,87 130,67,418
123,20,23,2,45 77,58,186
124,20,17,0,37 62,60,196
125,22,32,2,56 124,45,534
126,38,53,5,96 159,60,603
127,56,44,0,100 174,57,537
128,20,24,9,53 122,43,477
129,17,14,0,31 76,41,287
130,14,13,0,27 61,44,239
132,44,36,0,80 137,58,492
133,6,0,0,6 29,21,129
134,18,8,0,26 45,58,169
135,11,17,2,30 55,55,194
136,61,23,2,86 155,55,466
137,24,1,0,25 65,38,212
138,13,7,0,20 22,91,57
139,49,22,0,71 111,64,332
140,102,9,0,111 174,64,519
141,15,0,0,15 30,50,100
142,17,9,1,27 35,77,161
143,47,7,0,54 113,48,427
144,43,4,0,47 127,37,475
145,18,8,0,26 58,45,179
146,23,12,0,35 87,40,284
147,5,4,0,9 48,19,185
Total,"25,858","5,949",504,"32,311 66,912",48,"269,302"
"2018 Deer Harvest, Hunters and Recreation Days for All High Country Rifle Seasons",,,,,,
"",,,,Total Total,Percent,Total
Unit,Bucks,Does,Fawns,Harvest Hunters,Success,Rec. Days
6,5,0,0,5 8,63,23
7,7,0,0,7 10,70,29
12,2,0,0,2 2,100,2
14,18,0,0,18 30,60,132
16,2,0,0,2 7,29,19
161,2,0,0,2 6,33,31
24,0,0,0,0 3,0,16
25,0,0,0,0 5,0,30
26,0,0,0,0 2,0,5
36,3,0,0,3 15,20,95
43,16,0,0,16 35,46,152
44,2,0,0,2 2,100,2
444,2,0,0,2 7,29,32
"",,,,Total Total,Percent,Total
Unit,Bucks,Does,Fawns,Harvest Hunters,Success,Rec. Days
45,0,0,0,0 6,0,35
47,7,0,0,7 32,22,140
471,7,0,0,7 27,26,102
48,3,0,0,3 12,25,49
481,3,0,0,3 9,33,18
56,1,0,0,1 10,10,28
561,1,0,0,1 4,25,10
65,14,0,0,14 19,74,78
74,18,0,0,18 29,62,134
82,8,0,0,8 14,57,46
86,4,0,0,4 11,36,41
861,0,0,0,0 3,0,15
Total,125,0,0,125 308,41,"1,264"
"2018 Deer Harvest, Hunters and Recreation Days for All Plains Rifle Seasons (Includes",,,,,,
PLOs),,,,,,
"",,,,Total Total,Percent,Total
Unit,Bucks,Does,Fawns,Harvest Hunters,Success,Rec. Days
87,44,23,2,69 153,45,481
88,26,14,2,42 132,32,413
89,40,43,11,94 161,58,472
90,17,11,0,28 77,36,272
91,40,26,16,82 183,45,591
92,15,20,7,42 158,27,597
93,39,12,4,55 86,64,339
94,27,22,0,49 125,39,464
95,71,58,6,135 189,71,616
951,63,18,10,91 171,53,597
96,56,54,8,118 228,52,756
97,33,17,0,50 67,75,207
98,80,45,4,129 175,74,535
99,123,80,0,203 295,69,932
100,55,21,2,78 108,72,245
101,48,28,3,79 107,74,339
102,113,65,3,181 255,71,837
103,39,73,5,117 298,39,943
104,82,59,0,141 267,53,846
105,204,85,15,304 490,62,"1,667"
106,56,19,4,79 106,75,305
107,110,34,8,152 198,77,503
109,77,35,0,112 160,70,424
110,29,32,0,61 93,66,301
111,20,4,2,26 34,76,119
112,23,7,0,30 46,65,139
113,16,5,0,21 36,58,105
114,24,14,0,38 78,49,167
115,26,0,0,26 45,58,120
116,60,17,0,77 103,75,313
117,51,13,2,66 92,72,345
118,22,15,3,40 63,63,188
119,21,10,0,31 39,79,93
120,27,15,0,42 57,74,192
121,26,23,3,52 65,80,187
122,32,36,0,68 99,69,307
"",,,,Total Total,Percent,Total
Unit,Bucks,Does,Fawns,Harvest Hunters,Success,Rec. Days
123,15,6,0,21 47,45,131
124,20,9,0,29 47,62,165
125,6,10,2,18 34,53,154
126,28,33,5,66 105,63,446
127,35,29,0,64 111,58,356
128,14,14,0,28 79,35,320
129,5,2,0,7 31,23,139
130,14,10,0,24 53,45,226
132,36,32,0,68 91,75,322
133,6,0,0,6 26,23,115
134,12,8,0,20 30,67,105
135,11,11,2,24 43,56,144
136,37,1,0,38 76,50,309
137,20,1,0,21 48,44,159
138,13,7,0,20 22,91,57
139,32,15,0,47 68,69,223
141,12,0,0,12 24,50,85
142,17,9,1,27 35,77,161
143,26,6,0,32 60,53,178
144,23,0,0,23 71,32,265
145,10,8,0,18 39,46,134
146,19,6,0,25 58,43,180
147,3,4,0,7 37,19,124
Total,"2,249","1,274",130,"3,653 6,274",58,"20,455"
"2018 Deer Harvest, Hunters and Percent Success for All Plains Rifle Seasons (Includes",,,,,,
PLOs),,,,,,
"",Antlered,Antlered,Antlered,Antlerless Antlerless,Antlerless,
Unit,Harvest,Hunters,% Success,Harvest Hunters,% Success,
87,44,87,51,25,66,38
88,26,77,34,16,55,29
89,40,84,48,54,77,70
90,17,33,52,11,44,25
91,40,70,57,42,113,37
92,15,66,23,27,92,29
93,39,45,87,16,41,39
94,27,63,43,22,62,35
95,71,99,72,64,90,71
951,63,112,56,28,59,47
96,56,128,44,62,100,62
97,33,38,87,17,29,59
98,80,86,93,49,89,55
99,123,156,79,80,139,58
100,55,67,82,23,41,56
101,48,57,84,31,50,62
102,113,150,75,68,105,65
103,39,65,60,78,233,33
104,82,165,50,59,102,58
105,204,336,61,100,154,65
106,56,71,79,23,35,66
107,110,140,79,42,58,72
109,77,79,97,35,81,43
"",Antlered,Antlered,Antlered,Antlerless,Antlerless,Antlerless
Unit,Harvest,Hunters,% Success,Harvest,Hunters,% Success
110,29,41,71,32,52,62
111,20,23,87,6,11,55
112,23,28,82,7,18,39
113,16,23,70,5,13,38
114,24,44,55,14,34,41
115,26,34,76,0,11,0
116,60,76,79,17,27,63
117,51,67,76,15,25,60
118,22,36,61,18,27,67
119,21,27,78,10,12,83
120,27,37,73,15,20,75
121,26,30,87,26,35,74
122,32,40,80,36,59,61
123,15,29,52,6,18,33
124,20,31,65,9,16,56
125,6,11,55,12,23,52
126,28,43,65,38,62,61
127,35,56,63,29,55,53
128,14,51,27,14,28,50
129,5,15,33,2,16,13
130,14,26,54,10,27,37
132,36,49,73,32,42,76
133,6,18,33,0,8,0
134,12,20,60,8,10,80
135,11,23,48,13,20,65
136,37,65,57,1,11,9
137,20,32,63,1,16,6
138,13,15,87,7,7,100
139,32,40,80,15,28,54
141,12,21,57,0,3,0
142,17,20,85,10,15,67
143,26,44,59,6,16,38
144,23,51,45,0,20,0
145,10,22,45,8,17,47
146,19,28,68,6,30,20
147,3,29,10,4,8,50
Total,"2,249","3,519",64,"1,404","2,755",51
"",,,,Total Total,Percent,Total
Unit,Bucks,Does,Fawns,Harvest Hunters,Success,Rec. Days
3,83,20,2,105 116,91,123
301,58,10,1,69 78,88,117
4,49,12,2,63 97,65,199
441,56,0,0,56 60,93,90
5,17,6,0,23 27,85,42
10,1,0,0,1 2,50,2
11,13,2,0,15 18,83,21
211,11,1,0,12 12,100,18
12,6,0,0,6 7,86,18
214,18,6,0,24 32,75,49
23,13,0,0,13 14,93,16
25,29,18,0,47 65,72,74
40,13,0,0,13 16,81,16
83,73,59,7,139 151,92,239
85,1,0,0,1 2,50,2
851,16,0,0,16 18,89,22
104,11,8,2,21 23,91,27
136,24,19,2,45 70,64,132
140,5,5,0,10 18,56,36
Total,497,166,16,679 826,82,"1,243"
"2018 Deer Harvest, Hunters and Recreation Days for Early and Late Seasons (Includes",,,,,,
PLOs),,,,,,
"",,,,Total Total,Percent,Total
Unit,Bucks,Does,Fawns,Harvest Hunters,Success,Rec. Days
6,22,0,0,22 35,63,134
7,7,0,0,7 10,70,29
9,0,63,0,63 95,66,500
211,0,3,0,3 5,60,18
12,2,0,0,2 2,100,2
14,18,0,0,18 30,60,132
16,27,0,0,27 47,57,132
161,22,0,0,22 39,56,141
17,17,0,0,17 33,52,111
171,13,0,0,13 21,62,56
191,0,0,0,0 4,0,9
20,314,92,0,406 710,57,"3,907"
24,0,0,0,0 3,0,16
25,0,0,0,0 5,0,30
26,0,0,0,0 2,0,5
29,46,41,9,96 249,39,"1,292"
33,0,5,0,5 25,20,150
36,3,0,0,3 15,20,95
38,80,61,4,145 519,28,"3,174"
39,0,35,0,35 70,50,266
391,65,57,8,130 363,36,"2,146"
411,0,39,4,43 68,63,621
43,16,0,0,16 35,46,152
44,2,0,0,2 2,100,2
444,2,0,0,2 7,29,32
45,0,0,0,0 6,0,35
46,0,4,0,4 17,24,70
461,80,33,8,121 334,36,"2,310"
47,7,0,0,7 32,22,140
"",,,,Total,Total,Percent,Total
Unit,Bucks,Does,Fawns,Harvest,Hunters,Success,Rec. Days
471,7,0,0,7,27,26,102
48,3,0,0,3,12,25,49
481,3,0,0,3,9,33,18
51,55,34,0,89,157,57,"1,514"
52,0,79,0,79,119,66,516
53,0,32,0,32,38,84,139
56,1,0,0,1,10,10,28
561,1,0,0,1,4,25,10
591,49,5,0,54,122,44,959
63,0,22,3,25,38,66,142
65,14,0,0,14,19,74,78
72,0,27,0,27,35,77,122
73,0,19,0,19,27,70,54
74,18,0,0,18,29,62,134
75,0,62,0,62,85,73,436
751,0,9,0,9,19,47,62
77,0,1,0,1,23,4,79
771,0,11,0,11,17,65,49
78,0,13,3,16,19,84,29
79,0,11,0,11,28,39,78
791,0,17,2,19,23,83,240
82,8,0,0,8,14,57,46
86,4,0,0,4,11,36,41
861,0,0,0,0,3,0,15
87,21,13,2,36,64,56,196
88,14,7,2,23,63,37,226
89,31,30,3,64,93,69,265
90,15,10,0,25,43,58,153
91,14,15,8,37,84,44,271
92,3,9,0,12,66,18,213
93,22,12,4,38,48,79,174
94,16,11,0,27,65,42,270
95,36,23,3,62,89,70,291
951,37,11,6,54,96,56,349
96,15,28,0,43,93,46,280
97,19,9,0,28,38,74,122
98,45,18,0,63,89,71,300
99,54,38,0,92,154,60,521
100,31,10,2,43,61,70,138
101,27,20,0,47,54,87,177
102,61,16,0,77,122,63,410
103,7,23,0,30,146,21,501
104,36,46,0,82,152,54,479
105,64,64,7,135,198,68,622
106,8,11,0,19,24,79,115
107,51,23,0,74,126,59,423
109,51,20,0,71,130,55,369
116,34,12,0,46,113,41,381
117,29,0,0,29,57,51,211
122,12,29,0,41,51,80,109
125,3,6,2,11,40,28,204
126,13,27,0,40,63,63,233
127,23,18,0,41,80,51,208
129,11,11,0,22,50,44,202
130,7,7,0,14,29,48,153
132,17,15,0,32,52,62,194
"",,,,Total Total,Percent,,Total
Unit,Bucks,Does,Fawns,Harvest Hunters,Success,,Rec. Days
136,8,3,0,11,24,46,92
137,10,1,0,11,32,34,120
138,6,0,0,6,6,100,12
139,17,11,0,28,48,58,137
141,8,0,0,8,13,62,51
142,17,9,1,27,35,77,161
143,11,1,0,12,31,39,119
144,15,3,0,18,49,37,252
145,7,3,0,10,25,40,77
146,15,6,0,21,35,60,118
147,2,4,0,6,24,25,102
Total,"1,849","1,408",81,"3,338 6,626",50,"30,648"
"2018 Deer Harvest, Hunters and Recreation Days for 2nd Rifle Seasons",,,,,,,
"",,,,Total Total,Percent,,Total
Unit,Bucks,Does,Fawns,Harvest Hunters,Success,,Rec. Days
1,12,0,0,12,12,100,40
2,17,0,0,17,18,94,106
201,25,0,0,25,25,100,86
3,352,43,5,400,610,66,"1,892"
301,232,42,5,279,438,64,"1,303"
4,389,75,5,469,880,53,"3,609"
441,128,14,0,142,241,59,805
5,65,2,0,67,150,45,606
6,31,0,0,31,45,69,211
7,11,36,0,47,327,14,"1,294"
8,55,36,0,91,328,28,"1,239"
9,54,11,0,65,143,45,245
10,22,0,0,22,23,96,79
11,163,10,2,175,265,66,"1,071"
211,186,7,2,195,338,58,"1,348"
12,150,3,0,153,428,36,"2,004"
13,148,7,0,155,240,65,949
131,9,3,0,12,38,32,157
231,7,0,0,7,56,13,271
14,31,7,0,38,223,17,934
214,28,2,0,30,161,19,558
15,204,94,0,298,821,36,"3,847"
16,28,0,0,28,63,44,227
161,48,0,0,48,65,74,267
17,17,0,0,17,47,36,179
171,14,0,0,14,32,44,126
18,63,144,28,235,"1,266",19,"4,875"
181,63,62,5,130,396,33,"1,379"
19,83,38,0,121,272,44,"1,066"
191,114,73,16,203,371,55,934
20,50,3,0,53,165,32,547
21,225,0,0,225,292,77,"1,455"
22,231,27,4,262,343,76,"1,499"
23,104,0,0,104,316,33,"1,518"
24,25,3,0,28,116,24,489
25,100,24,7,131,437,30,"2,120"
26,97,33,0,130,332,39,"1,340"
"",,,,Total,Total,Percent,Total
Unit,Bucks,Does,Fawns,Harvest,Hunters,Success,Rec. Days
27,40,29,5,74,368,20,"1,202"
28,98,75,9,182,807,23,"2,809"
29,20,3,0,23,86,27,328
30,35,5,0,40,105,38,461
31,96,0,0,96,171,56,739
32,12,0,0,12,39,31,132
33,132,1,0,133,540,25,"2,697"
34,21,4,4,29,284,10,"1,257"
35,86,19,0,105,540,19,"1,784"
36,99,61,0,160,505,32,"2,193"
361,13,6,0,19,107,18,226
37,102,65,9,176,595,30,"2,031"
371,14,9,0,23,196,12,807
38,10,3,0,13,169,8,668
39,35,13,3,51,125,41,403
391,2,0,0,2,7,29,24
40,61,0,0,61,134,46,559
41,83,2,0,85,212,40,906
411,31,0,0,31,102,30,258
42,44,2,0,46,170,27,602
421,149,0,0,149,429,35,"1,910"
43,86,7,0,93,274,34,"1,277"
44,37,1,3,41,72,57,309
444,87,15,0,102,283,36,"1,239"
45,34,12,0,46,163,28,694
46,38,3,0,41,101,41,384
461,0,0,0,0,4,0,4
47,32,0,0,32,52,62,267
471,6,0,0,6,12,50,29
48,29,0,0,29,74,39,232
481,32,18,0,50,143,35,548
49,144,10,5,159,371,43,"1,317"
50,52,0,0,52,114,46,483
500,0,0,0,0,40,0,237
501,75,34,0,109,188,58,556
51,49,0,0,49,82,60,294
511,64,17,0,81,104,78,334
52,128,0,0,128,257,50,"1,102"
521,57,0,0,57,152,38,678
53,96,0,0,96,129,74,591
54,87,0,0,87,142,61,611
55,55,0,0,55,68,81,313
551,47,0,0,47,58,81,268
56,36,0,0,36,93,39,370
561,16,0,0,16,94,17,392
57,56,15,0,71,135,53,498
58,86,0,0,86,150,57,398
581,134,7,3,144,225,64,695
59,15,0,0,15,37,41,122
60,33,3,0,36,73,49,346
61,57,0,0,57,115,50,543
62,209,32,0,241,490,49,"2,195"
63,83,0,0,83,117,71,483
64,62,0,0,62,184,34,744
65,99,0,0,99,285,35,"1,346"
66,77,0,0,77,110,70,445
67,88,0,0,88,116,76,541
"",,,,Total Total,Percent,,Total
Unit,Bucks,Does,Fawns,Harvest Hunters,Success,,Rec. Days
68,67,0,0,67,149,45,563
681,121,0,0,121,157,77,600
69,176,12,0,188,376,50,"1,479"
691,11,2,0,13,17,76,66
70,296,5,0,301,500,60,"2,384"
71,62,0,0,62,128,48,537
711,110,0,0,110,214,51,959
72,99,0,0,99,161,61,652
73,51,0,0,51,102,50,435
74,39,0,0,39,167,23,838
741,72,27,0,99,154,64,676
75,144,5,0,149,380,39,"1,647"
751,154,5,0,159,357,45,"1,412"
76,14,0,0,14,22,64,107
77,232,8,0,240,569,42,"2,730"
771,43,2,0,45,147,31,437
78,164,4,0,168,405,41,"1,808"
79,60,0,0,60,82,73,306
80,74,0,0,74,135,55,445
81,73,0,0,73,114,64,432
82,73,0,0,73,129,57,573
83,5,0,0,5,7,71,21
84,139,0,0,139,310,45,"1,254"
85,160,0,0,160,295,54,"1,230"
851,7,0,0,7,30,23,152
86,66,12,0,78,145,54,520
861,0,0,0,0,18,0,50
140,64,0,0,64,79,81,213
Total,"9,626","1,352",120,"11,098 26,470",42,,"106,082"
"2018 Deer Harvest, Hunters and Recreation Days for 3rd Rifle Seasons",,,,,,,
"",,,,Total Total,Percent,,Total
Unit,Bucks,Does,Fawns,Harvest Hunters,Success,,Rec. Days
1,5,0,0,5,5,100,13
2,13,0,0,13,13,100,33
201,15,0,0,15,15,100,59
3,496,100,10,606,799,76,"2,943"
301,333,37,0,370,538,69,"1,897"
4,371,23,6,400,473,85,"2,116"
441,37,0,0,37,65,57,301
5,70,3,0,73,86,85,270
6,17,0,0,17,20,85,101
7,29,9,9,47,266,18,"1,172"
8,49,0,0,49,208,24,"1,047"
9,39,15,0,54,113,48,305
10,8,0,0,8,8,100,25
11,280,11,2,293,408,72,"1,876"
211,165,24,0,189,257,74,"1,154"
12,223,1,0,224,405,55,"1,735"
13,106,2,0,108,217,50,794
131,2,0,0,2,20,10,65
231,10,0,0,10,37,27,154
14,0,0,0,0,6,0,13
214,0,0,0,0,14,0,67
"",,,,Total,Total,Percent,Total
Unit,Bucks,Does,Fawns,Harvest,Hunters,Success,Rec. Days
15,148,42,12,202,549,37,"2,843"
16,5,0,0,5,10,50,81
161,9,0,0,9,12,75,38
17,0,0,0,0,9,0,41
171,9,0,0,9,14,64,49
18,363,184,29,576,"1,362",42,"5,085"
181,154,101,11,266,506,53,"1,740"
19,133,45,0,178,298,60,947
191,173,45,0,218,438,50,"1,280"
20,82,0,0,82,143,57,526
21,58,0,0,58,69,84,323
22,213,12,0,225,304,74,"1,472"
23,58,8,0,66,188,35,930
24,0,2,0,2,35,6,98
25,138,32,0,170,370,46,"1,601"
26,78,32,4,114,258,44,"1,029"
27,68,11,0,79,308,26,831
28,167,47,6,220,734,30,"2,893"
29,0,11,2,13,80,16,404
30,32,6,0,38,62,61,279
31,149,0,0,149,204,73,806
32,20,0,0,20,26,77,78
33,172,0,0,172,474,36,"2,550"
34,31,9,0,40,216,19,"1,037"
35,208,30,4,242,499,48,"1,941"
36,73,13,0,86,338,25,"1,606"
361,64,13,0,77,159,48,664
37,174,45,38,257,483,53,"1,632"
371,16,0,0,16,69,23,231
38,5,5,0,10,88,11,309
39,18,7,0,25,99,25,377
391,0,0,0,0,2,0,16
40,84,0,0,84,116,72,543
41,137,2,0,139,409,34,"1,875"
411,24,0,0,24,53,45,220
42,290,2,0,292,584,50,"2,167"
421,230,0,0,230,416,55,"1,732"
43,105,4,0,109,169,64,769
44,19,3,2,24,34,71,204
444,79,4,0,83,137,61,621
45,0,4,0,4,49,8,142
46,29,0,0,29,86,34,390
461,4,0,0,4,10,40,38
47,39,0,0,39,52,75,161
48,15,0,0,15,47,32,189
481,14,23,3,40,155,26,536
49,154,14,5,173,272,64,965
50,44,0,0,44,124,35,354
500,11,0,0,11,18,61,76
501,94,31,0,125,185,68,538
51,42,0,0,42,72,58,249
511,61,14,2,77,94,82,330
52,70,0,0,70,110,64,388
521,32,0,0,32,68,47,270
53,97,0,0,97,103,94,390
54,29,0,0,29,35,83,165
55,41,0,0,41,43,95,185
"",,,,Total,Total,Percent,Total
Unit,Bucks,Does,Fawns,Harvest,Hunters,Success,Rec. Days
551,9,0,0,9,17,53,76
56,40,3,0,43,99,43,421
561,19,0,0,19,114,17,410
57,37,18,0,55,169,33,637
58,80,8,0,88,195,45,685
581,192,2,0,194,260,75,"1,141"
59,27,0,0,27,33,82,138
60,30,3,0,33,81,41,447
61,72,0,0,72,109,66,558
62,220,14,0,234,389,60,"1,707"
63,96,0,0,96,124,77,557
64,82,0,0,82,204,40,823
65,159,0,0,159,322,49,"1,423"
66,41,0,0,41,48,85,205
67,41,0,0,41,48,85,215
68,61,0,0,61,118,52,530
681,96,0,0,96,131,73,617
682,3,0,0,3,3,100,10
69,173,12,0,185,351,53,"1,326"
691,38,3,0,41,78,53,233
70,359,8,0,367,581,63,"2,984"
71,100,0,0,100,211,47,973
711,167,0,0,167,299,56,"1,423"
72,137,0,0,137,203,67,842
73,100,0,0,100,181,55,674
74,9,0,0,9,74,12,382
741,107,18,0,125,197,63,919
75,130,8,0,138,324,43,"1,465"
751,119,5,0,124,268,46,"1,083"
76,5,0,0,5,13,38,61
77,176,2,0,178,403,44,"1,851"
771,150,0,0,150,259,58,"1,093"
78,112,4,0,116,258,45,954
79,87,0,0,87,113,77,494
791,3,0,0,3,6,50,19
80,104,0,0,104,152,68,623
81,64,0,0,64,129,50,534
82,34,0,0,34,92,37,444
83,9,0,0,9,10,90,29
84,148,18,0,166,303,55,974
85,124,0,0,124,221,56,940
851,7,0,0,7,27,26,80
86,84,3,0,87,208,42,851
861,3,0,0,3,39,8,165
140,27,0,0,27,56,48,194
Total,"10,711","1,155",145,"12,011","23,340",51,"95,584"
"",,,,Total,Total,Percent,Total
Unit,Bucks,Does,Fawns,Harvest,Hunters,Success,Rec. Days
201,5,0,0,5,5,100,13
3,11,0,0,11,14,79,56
301,3,0,0,3,8,38,23
4,8,0,0,8,16,50,74
441,3,0,0,3,3,100,11
5,14,0,0,14,14,100,52
6,15,0,0,15,15,100,54
7,19,0,0,19,64,30,130
8,23,0,0,23,81,28,276
9,46,0,0,46,69,67,194
11,8,0,0,8,9,89,23
211,11,0,0,11,13,85,30
12,6,0,0,6,6,100,22
13,6,0,0,6,6,100,9
15,32,0,0,32,51,63,187
161,3,0,0,3,5,60,11
18,62,0,0,62,168,37,589
181,15,0,0,15,29,52,62
19,49,0,0,49,97,51,252
191,173,0,0,173,206,84,513
20,131,0,0,131,275,48,805
22,15,0,0,15,20,75,85
23,3,0,0,3,7,43,27
25,24,0,0,24,33,73,102
26,11,0,0,11,41,27,127
27,4,0,0,4,15,27,44
28,25,0,0,25,69,36,183
29,24,8,0,32,116,28,352
33,13,0,0,13,29,45,110
34,17,0,0,17,50,34,196
35,9,0,0,9,22,41,66
36,9,0,0,9,21,43,46
37,31,0,0,31,56,55,176
371,6,0,0,6,18,33,66
38,8,0,0,8,71,11,219
39,30,0,0,30,80,38,171
391,4,0,0,4,4,100,17
43,12,0,0,12,18,67,65
44,14,0,0,14,19,74,72
444,12,0,0,12,21,57,55
46,47,8,0,55,79,70,254
461,1,0,0,1,2,50,9
47,3,0,0,3,3,100,8
501,17,0,0,17,27,63,87
51,28,0,0,28,35,80,109
511,43,0,0,43,60,72,180
52,4,0,0,4,7,57,29
521,4,0,0,4,4,100,15
53,4,0,0,4,8,50,36
54,4,0,0,4,4,100,12
55,7,0,0,7,9,78,29
551,4,0,0,4,8,50,18
60,4,0,0,4,4,100,18
63,7,0,0,7,10,70,33
64,4,0,0,4,6,67,13
65,11,0,0,11,13,85,42
66,9,0,0,9,14,64,43
"",,,,Total Total,Percent,,Total
Unit,Bucks,Does,Fawns,Harvest Hunters,Success,,Rec. Days
67,15,0,0,15,15,100,49
68,5,0,0,5,10,50,42
681,2,0,0,2,7,29,16
69,7,0,0,7,18,39,48
691,5,0,0,5,7,71,17
70,28,0,0,28,44,64,171
71,5,0,0,5,6,83,19
711,21,0,0,21,27,78,95
72,10,0,0,10,27,37,100
73,10,0,0,10,22,45,49
74,10,0,0,10,24,42,63
741,14,13,0,27,67,40,202
75,78,12,0,90,123,73,380
751,46,2,0,48,102,47,319
77,67,5,0,72,105,69,342
771,52,0,0,52,90,58,233
78,32,0,0,32,45,71,127
79,1,0,0,1,9,11,26
80,16,0,0,16,35,46,92
81,13,0,0,13,27,48,75
82,3,0,0,3,5,60,11
83,3,0,0,3,5,60,22
84,2,0,0,2,19,11,52
86,0,0,0,0,4,0,9
Total,"1,560",48,0,"1,608 3,000",54,,"9,059"
"2018 Deer Harvest, Hunters and Recreation Days for All Archery Seasons",,,,,,,
"",,,,Total Total,Percent,,Total
Unit,Bucks,Does,Fawns,Harvest Hunters,Success,,Rec. Days
1,0,0,0,0,1,0,20
2,2,0,0,2,3,67,34
201,7,0,0,7,8,88,76
3,0,0,0,0,69,0,318
301,35,10,0,45,46,98,443
4,10,0,10,20,143,14,725
441,4,0,0,4,29,14,164
5,25,0,0,25,110,23,661
6,14,0,0,14,39,36,325
7,26,9,0,35,287,12,"1,730"
8,46,37,0,83,308,27,"2,745"
9,2,9,0,11,60,18,484
10,1,0,0,1,3,33,48
11,5,0,0,5,40,13,326
211,0,0,0,0,14,0,64
12,2,0,0,2,62,3,393
13,0,0,0,0,5,0,58
131,11,3,0,14,27,52,347
231,0,11,0,11,39,28,294
14,21,17,0,38,127,30,820
214,18,10,0,28,52,54,429
15,11,11,0,22,290,8,"2,261"
16,2,0,0,2,22,9,146
161,15,0,0,15,36,42,294
17,3,0,0,3,20,15,212
"",,,,Total,Total,Percent,Total
Unit,Bucks,Does,Fawns,Harvest,Hunters,Success,Rec. Days
171,0,0,0,0,17,0,131
18,34,22,0,56,369,15,"2,388"
181,0,17,0,17,63,27,683
19,30,9,0,39,183,21,"1,114"
191,0,9,0,9,167,5,557
20,17,28,0,45,237,19,"1,745"
21,30,0,0,30,41,73,293
22,14,0,0,14,67,21,507
23,24,11,3,38,157,24,"1,028"
24,6,6,0,12,67,18,377
25,3,3,0,6,122,5,716
26,11,6,0,17,95,18,446
27,0,12,0,12,102,12,598
28,9,17,0,26,201,13,"1,497"
29,12,12,0,24,118,20,809
30,9,2,0,11,36,31,365
31,22,0,0,22,71,31,559
32,13,10,0,23,53,43,377
33,6,23,0,29,111,26,904
34,6,1,0,7,85,8,505
35,17,3,0,20,126,16,772
36,13,6,0,19,183,10,"1,253"
361,0,7,0,7,21,33,136
37,3,22,3,28,229,12,"1,366"
371,9,9,0,18,136,13,997
38,9,0,0,9,162,6,"1,015"
39,23,23,0,46,172,27,"1,359"
391,9,3,0,12,48,25,218
40,43,0,0,43,75,57,631
41,14,9,5,28,118,24,686
411,0,0,0,0,7,0,37
42,9,5,0,14,99,14,734
421,24,10,0,34,128,27,"1,319"
43,18,4,0,22,132,17,"1,075"
44,7,7,0,14,50,28,536
444,33,9,0,42,100,42,616
45,10,0,0,10,155,6,"1,153"
46,9,18,0,27,65,42,239
461,6,3,0,9,45,20,279
47,0,3,0,3,42,7,217
471,12,3,0,15,38,39,216
48,11,8,0,19,75,25,623
481,11,2,0,13,27,48,164
49,12,12,0,24,118,20,"1,189"
50,4,8,0,12,56,21,500
500,0,0,0,0,58,0,328
501,12,8,0,20,92,22,584
51,15,15,0,30,97,31,569
511,48,0,0,48,112,43,857
52,21,0,0,21,67,31,483
521,18,0,0,18,82,22,777
53,7,0,0,7,42,17,317
54,0,0,0,0,24,0,211
55,20,0,0,20,23,87,218
551,4,0,0,4,16,25,201
56,2,4,0,6,39,15,226
561,0,0,0,0,10,0,87
"",,,,Total,Total,Percent,Total
Unit,Bucks,Does,Fawns,Harvest,Hunters,Success,Rec. Days
57,2,0,0,2,34,6,288
58,20,0,0,20,77,26,497
581,14,6,0,20,68,29,517
59,13,0,0,13,34,38,166
591,0,0,0,0,5,0,43
60,12,0,0,12,42,29,245
61,5,0,0,5,39,13,379
62,41,0,0,41,160,26,"1,366"
63,25,0,0,25,47,53,385
64,9,0,0,9,33,27,172
65,35,0,0,35,94,37,785
66,14,0,0,14,35,40,241
67,22,0,0,22,35,63,298
68,9,0,0,9,40,23,317
681,13,0,0,13,63,21,541
682,0,0,0,0,2,0,2
69,2,30,0,32,120,27,"1,078"
691,0,0,0,0,8,0,106
70,37,0,0,37,136,27,"1,177"
71,21,0,0,21,76,28,577
711,9,0,0,9,45,20,342
72,21,0,0,21,39,54,370
73,25,0,0,25,57,44,520
74,28,0,0,28,143,20,"1,062"
741,18,2,0,20,49,41,426
75,23,23,0,46,170,27,"1,106"
751,7,9,0,16,97,16,488
76,11,0,0,11,21,52,153
77,28,29,0,57,140,41,"1,013"
771,5,3,0,8,22,36,154
78,39,34,0,73,189,39,"1,402"
79,0,0,0,0,7,0,56
80,22,0,0,22,97,23,734
81,23,0,0,23,140,16,"1,041"
82,2,0,0,2,34,6,223
83,3,0,0,3,6,50,39
84,25,23,0,48,138,35,886
85,29,0,0,29,76,38,581
851,5,0,0,5,14,36,46
86,23,15,0,38,73,52,852
861,8,0,0,8,15,53,83
87,5,0,0,5,25,20,226
88,0,0,0,0,2,0,29
89,2,0,0,2,7,29,91
90,0,0,0,0,5,0,22
91,21,3,0,24,54,44,459
92,16,3,0,19,55,35,391
93,3,0,0,3,10,30,62
94,26,5,0,31,72,43,639
95,2,0,0,2,14,14,142
951,20,0,0,20,66,30,864
96,41,0,0,41,87,47,"1,004"
97,0,0,0,0,8,0,73
98,18,0,0,18,51,35,328
99,11,3,0,14,48,29,385
100,8,0,0,8,13,62,86
101,12,0,0,12,35,34,263
"",,,,Total,Total,Percent,Total
Unit,Bucks,Does,Fawns,Harvest,Hunters,Success,Rec. Days
102,9,0,0,9,43,21,423
103,2,6,0,8,41,20,333
104,153,33,0,186,351,53,"3,264"
105,11,11,0,22,110,20,"1,331"
106,16,0,0,16,19,84,53
107,2,0,1,3,40,8,267
109,15,4,0,19,55,35,457
110,38,0,0,38,106,36,"1,643"
111,5,0,0,5,14,36,164
112,9,6,0,15,47,32,478
113,3,0,0,3,23,13,267
114,0,0,0,0,2,0,6
115,3,0,0,3,3,100,31
116,24,3,0,27,45,60,540
117,3,0,0,3,18,17,293
118,13,0,0,13,24,54,216
119,0,0,0,0,14,0,102
120,5,3,0,8,30,27,175
121,5,0,0,5,38,13,331
122,0,0,0,0,73,0,428
123,8,3,0,11,44,25,693
124,8,7,0,15,22,68,86
125,3,3,0,6,61,10,637
126,3,0,0,3,24,13,208
127,13,5,0,18,52,35,374
128,19,2,2,23,91,25,"1,144"
129,17,2,0,19,48,40,538
130,17,0,0,17,33,52,272
132,3,0,0,3,56,5,172
133,0,0,0,0,14,0,54
134,7,0,0,7,10,70,186
135,0,0,0,0,28,0,264
136,5,0,0,5,30,17,117
137,0,0,0,0,4,0,44
139,38,0,0,38,70,54,527
140,4,0,0,4,26,15,252
141,4,0,0,4,13,31,90
142,7,0,0,7,32,22,285
143,2,3,0,5,22,23,124
144,3,0,0,3,25,12,122
145,0,0,0,0,8,0,46
146,17,15,0,32,53,60,735
147,0,0,0,0,5,0,17
Total,"2,286",800,24,"3,110","12,410",25,"94,814"
"",,,,Total,Total,Percent,Total
Unit,Bucks,Does,Fawns,Harvest,Hunters,Success,Rec. Days
1,1,0,0,1,1,100,1
2,4,0,0,4,7,57,42
201,7,0,0,7,8,88,45
3,6,0,0,6,16,38,58
301,4,0,0,4,9,44,33
4,20,1,0,21,34,62,139
5,9,6,0,15,30,50,109
6,4,0,0,4,17,24,73
7,28,25,0,53,255,21,929
8,50,10,0,60,331,18,"1,480"
9,0,5,0,5,10,50,30
10,3,0,0,3,3,100,18
11,9,0,0,9,16,56,45
211,3,0,0,3,9,33,31
12,3,0,0,3,31,10,146
13,6,0,0,6,11,55,67
131,0,0,0,0,10,0,50
231,0,0,0,0,6,0,28
14,13,0,0,13,15,87,81
214,2,1,0,3,5,60,20
15,5,11,0,16,173,9,858
16,2,0,0,2,11,18,57
161,9,0,0,9,18,50,89
17,5,0,0,5,9,56,50
171,4,0,0,4,8,50,19
18,31,40,0,71,386,18,"1,865"
181,13,10,0,23,103,22,349
19,12,10,10,32,132,24,450
191,10,5,0,15,97,15,270
20,8,10,0,18,79,23,298
21,7,0,0,7,13,54,67
22,28,0,0,28,81,35,412
23,10,3,0,13,73,18,370
24,2,3,0,5,39,13,193
25,0,3,0,3,90,3,453
26,5,3,0,8,56,14,240
27,4,10,0,14,65,22,207
28,17,30,10,57,275,21,"1,237"
29,9,16,3,28,97,29,363
30,4,0,0,4,11,36,48
31,17,0,0,17,37,46,164
32,20,0,0,20,37,54,163
33,37,7,0,44,135,33,643
34,22,11,0,33,117,28,612
35,6,6,0,12,106,11,345
36,15,6,0,21,141,15,685
361,0,0,0,0,20,0,63
37,9,40,0,49,221,22,875
371,13,0,0,13,79,16,299
38,10,5,0,15,121,12,472
39,24,10,0,34,90,38,355
391,5,0,0,5,10,50,22
40,24,0,0,24,35,69,145
41,35,0,0,35,82,43,308
411,0,0,0,0,5,0,35
42,43,0,0,43,63,68,313
421,27,7,0,34,91,37,368
"",,,,Total,Total,Percent,Total
Unit,Bucks,Does,Fawns,Harvest,Hunters,Success,Rec. Days
43,33,4,0,37,151,25,763
44,10,2,0,12,49,24,283
444,26,8,0,34,60,57,294
45,6,18,0,24,89,27,376
46,12,6,0,18,41,44,137
461,2,0,0,2,8,25,22
47,3,0,0,3,17,18,83
48,6,3,0,9,34,26,155
481,0,0,0,0,6,0,24
49,14,2,0,16,58,28,212
50,3,0,0,3,32,9,110
500,0,0,0,0,23,0,91
501,13,11,2,26,67,39,267
51,17,10,0,27,63,43,206
511,20,2,0,22,44,50,177
52,7,0,0,7,26,27,81
521,8,0,0,8,36,22,126
53,7,0,0,7,18,39,89
54,8,0,0,8,17,47,83
55,9,0,0,9,15,60,65
551,6,0,0,6,19,32,91
56,6,0,0,6,13,46,52
561,2,0,0,2,13,15,87
57,7,0,0,7,7,100,14
58,21,6,0,27,48,56,251
581,15,6,0,21,30,70,113
59,9,0,0,9,22,41,74
60,4,0,0,4,14,29,52
61,6,0,0,6,11,55,69
62,7,0,0,7,28,25,143
63,13,0,0,13,24,54,111
64,4,0,0,4,11,36,59
65,8,0,0,8,26,31,97
66,19,0,0,19,27,70,105
67,19,0,0,19,29,66,126
68,31,0,0,31,73,42,334
681,25,0,0,25,65,38,260
69,21,8,0,29,94,31,333
691,4,0,0,4,6,67,13
70,32,0,0,32,77,42,339
71,9,0,0,9,34,26,194
711,10,0,0,10,30,33,126
72,29,0,0,29,37,78,118
73,17,0,0,17,35,49,167
74,42,0,0,42,128,33,763
741,5,2,0,7,33,21,130
75,52,2,0,54,155,35,726
751,11,2,0,13,84,15,334
76,10,0,0,10,20,50,78
77,52,7,0,59,129,46,581
771,0,0,0,0,9,0,45
78,43,3,0,46,120,38,628
79,2,0,0,2,22,9,109
80,26,0,0,26,85,31,384
81,27,0,0,27,96,28,473
82,13,0,0,13,39,33,167
83,4,0,0,4,8,50,36
"",,,,Total,Total,Percent,Total
Unit,Bucks,Does,Fawns,Harvest,Hunters,Success,Rec. Days
84,38,0,0,38,104,37,457
85,13,0,0,13,20,65,80
851,3,0,0,3,8,38,36
86,0,0,0,0,10,0,30
861,2,0,0,2,10,20,32
87,0,2,0,2,24,8,91
88,3,0,2,5,11,45,28
89,5,5,0,10,18,56,34
90,0,0,0,0,2,0,9
91,4,12,9,25,52,48,190
92,9,6,6,21,40,53,118
93,4,3,0,7,19,37,56
94,0,0,0,0,17,0,61
95,2,7,0,9,14,64,25
951,1,3,0,4,26,15,62
96,8,11,2,21,44,48,146
97,0,0,0,0,7,0,25
98,9,3,0,12,23,52,58
99,17,8,0,25,43,58,139
100,2,3,0,5,13,38,59
101,6,10,0,16,24,67,76
102,3,6,0,9,20,45,47
103,3,2,2,7,28,25,119
104,12,0,0,12,41,29,149
105,17,6,0,23,42,55,162
106,8,0,0,8,8,100,27
107,12,0,0,12,25,48,80
109,12,8,2,22,53,42,188
110,7,3,0,10,28,36,101
111,9,0,0,9,15,60,35
112,5,1,0,6,14,43,37
113,0,1,0,1,3,33,5
114,0,0,0,0,6,0,12
115,7,0,0,7,11,64,51
116,14,1,0,15,22,68,59
117,0,0,1,1,13,8,48
118,3,0,0,3,13,23,45
120,2,0,0,2,9,22,30
121,5,0,0,5,12,42,51
122,2,0,0,2,18,11,69
123,0,5,2,7,8,88,15
124,3,1,0,4,6,67,27
125,2,5,0,7,20,35,76
126,3,4,0,7,30,23,114
127,8,2,0,10,12,83,25
128,2,4,0,6,18,33,85
129,0,0,0,0,1,0,9
130,2,2,0,4,8,50,32
132,4,0,0,4,6,67,27
133,0,2,0,2,3,67,9
134,2,0,0,2,4,50,11
135,0,4,0,4,17,24,89
136,2,0,0,2,2,100,5
139,3,2,0,5,8,63,30
140,2,0,0,2,6,33,30
141,0,0,0,0,2,0,5
142,8,0,0,8,24,33,67
"",,,,Total Total,Percent,Total
Unit,Bucks,Does,Fawns,Harvest Hunters,Success,Rec. Days
143,0,0,0,0 8,0,19
144,5,6,0,11 19,58,69
145,1,0,0,1 5,20,16
146,0,2,2,4 13,31,82
Total,"1,773",536,53,"2,362 7,715",31,"32,582"
"2018 Deer Harvest, Hunters and Percent Success for All Muzzleloader Seasons",,,,,,
"",Antlered,Antlered,Antlered,Antlerless Antlerless,Antlerless,
Unit,Harvest,Hunters,% Success,Harvest Hunters,% Success,
1,1,1,100,0,0,0
2,4,7,57,0,0,0
201,7,8,88,0,0,0
3,6,15,40,0,1,0
301,4,9,44,0,0,0
4,20,31,65,1,3,33
5,9,24,38,6,6,100
6,4,17,24,0,0,0
7,28,179,16,25,76,33
8,50,247,20,10,84,12
9,0,0,0,5,10,50
10,3,3,100,0,0,0
11,9,14,64,0,2,0
211,3,9,33,0,0,0
12,3,27,11,0,4,0
13,6,11,55,0,0,0
131,0,8,0,0,2,0
231,0,6,0,0,0,0
14,13,15,87,0,0,0
214,2,4,50,1,1,100
15,5,134,4,11,39,28
16,2,11,18,0,0,0
161,9,18,50,0,0,0
17,5,9,56,0,0,0
171,4,8,50,0,0,0
18,31,217,14,40,169,24
181,13,53,25,10,50,20
19,12,71,17,20,61,33
191,10,62,16,5,35,14
20,8,59,14,10,20,50
21,7,13,54,0,0,0
22,28,74,38,0,7,0
23,10,62,16,3,11,27
24,2,30,7,3,9,33
25,0,57,0,3,33,9
26,5,36,14,3,20,15
27,4,35,11,10,30,33
28,17,153,11,40,122,33
29,9,47,19,19,50,38
30,4,11,36,0,0,0
31,17,37,46,0,0,0
32,20,37,54,0,0,0
33,37,125,30,7,10,70
34,22,72,31,11,45,24
35,6,83,7,6,23,26
"",Antlered,Antlered,Antlered,Antlerless,Antlerless,Antlerless
Unit,Harvest,Hunters,% Success,Harvest,Hunters,% Success
36,15,109,14,6,32,19
361,0,17,0,0,3,0
37,9,122,7,40,99,40
371,13,59,22,0,20,0
38,10,81,12,5,40,13
39,24,71,34,10,19,53
391,5,10,50,0,0,0
40,24,35,69,0,0,0
41,35,82,43,0,0,0
411,0,5,0,0,0,0
42,43,61,70,0,2,0
421,27,84,32,7,7,100
43,33,141,23,4,10,40
44,10,43,23,2,6,33
444,26,52,50,8,8,100
45,6,71,8,18,18,100
46,12,29,41,6,12,50
461,2,8,25,0,0,0
47,3,17,18,0,0,0
48,6,31,19,3,3,100
481,0,6,0,0,0,0
49,14,56,25,2,2,100
50,3,32,9,0,0,0
500,0,23,0,0,0,0
501,13,45,29,13,22,59
51,17,48,35,10,15,67
511,20,34,59,2,10,20
52,7,26,27,0,0,0
521,8,36,22,0,0,0
53,7,18,39,0,0,0
54,8,17,47,0,0,0
55,9,15,60,0,0,0
551,6,19,32,0,0,0
56,6,13,46,0,0,0
561,2,10,20,0,3,0
57,7,7,100,0,0,0
58,21,42,50,6,6,100
581,15,22,68,6,8,75
59,9,22,41,0,0,0
60,4,14,29,0,0,0
61,6,11,55,0,0,0
62,7,28,25,0,0,0
63,13,24,54,0,0,0
64,4,11,36,0,0,0
65,8,26,31,0,0,0
66,19,27,70,0,0,0
67,19,29,66,0,0,0
68,31,73,42,0,0,0
681,25,65,38,0,0,0
69,21,75,28,8,19,42
691,4,6,67,0,0,0
70,32,77,42,0,0,0
71,9,34,26,0,0,0
711,10,30,33,0,0,0
72,29,37,78,0,0,0
73,17,35,49,0,0,0
74,42,128,33,0,0,0
"",Antlered,Antlered,Antlered,Antlerless,Antlerless,Antlerless
Unit,Harvest,Hunters,% Success,Harvest,Hunters,% Success
741,5,24,21,2,9,22
75,52,150,35,2,5,40
751,11,81,14,2,3,67
76,10,20,50,0,0,0
77,52,120,43,7,9,78
771,0,9,0,0,0,0
78,43,113,38,3,7,43
79,2,22,9,0,0,0
80,26,85,31,0,0,0
81,27,96,28,0,0,0
82,13,39,33,0,0,0
83,4,8,50,0,0,0
84,38,102,37,0,2,0
85,13,20,65,0,0,0
851,3,8,38,0,0,0
86,0,10,0,0,0,0
861,2,8,25,0,2,0
87,0,10,0,2,14,14
88,3,6,50,2,5,40
89,5,9,56,5,9,56
90,0,2,0,0,0,0
91,4,22,18,21,30,70
92,9,18,50,12,22,55
93,4,5,80,3,14,21
94,0,8,0,0,9,0
95,2,7,29,7,7,100
951,1,11,9,3,15,20
96,8,20,40,13,24,54
97,0,2,0,0,5,0
98,9,18,50,3,5,60
99,17,21,81,8,22,36
100,2,5,40,3,8,38
101,6,14,43,10,10,100
102,3,10,30,6,10,60
103,3,15,20,4,13,31
104,12,30,40,0,8,0
105,15,28,54,2,7,29
106,6,6,100,0,0,0
107,12,21,57,0,4,0
109,10,10,100,3,6,50
110,5,10,50,1,8,13
111,7,7,100,0,3,0
112,5,9,56,0,4,0
113,0,0,0,0,2,0
114,0,2,0,0,4,0
115,7,11,64,0,0,0
116,14,21,67,0,0,0
117,0,7,0,0,2,0
118,3,3,100,0,0,0
120,2,9,22,0,0,0
121,5,12,42,0,0,0
122,2,10,20,0,3,0
124,3,3,100,1,1,100
125,2,5,40,0,8,0
126,3,7,43,0,7,0
127,2,2,100,2,2,100
128,0,3,0,0,2,0
"",Antlered Antlered,Antlered,Antlerless,Antlerless,Antlerless
Unit,Harvest Hunters,% Success,Harvest,Hunters,% Success
130,2 2,100,0,0,0
132,2 2,100,0,0,0
133,0 0,0,2,3,67
134,2 2,100,0,0,0
135,0 7,0,2,5,40
136,2 2,100,0,0,0
139,3 3,100,0,0,0
140,2 6,33,0,0,0
141,0 2,0,0,0,0
142,8 15,53,0,9,0
143,0 2,0,0,3,0
144,5 7,71,6,8,75
145,1 2,50,0,2,0
146,0 5,0,0,2,0
Total,"1,753 5,889",30,542,"1,649",33
"2018 Deer Harvest, Hunters and Recreation Days for All Whitetail Only Seasons",,,,,
"",,,Total Total,Percent,Total
Unit,Bucks Does,Fawns Harvest,Hunters,Success,Rec. Days
48,0 0,0,0 25,0,131
481,0 0,0,0 4,0,12
49,0 0,0,0 4,0,10
511,0 0,0,0 6,0,35
58,4 2,0,6 15,40,25
581,0 0,0,0 17,0,68
59,4 0,0,4 62,6,209
591,19 6,0,25 116,22,617
69,4 12,0,16 54,30,356
84,12 10,0,22 189,12,765
85,10 8,2,20 64,31,332
851,2 0,2,4 15,27,89
86,4 0,0,4 17,24,83
861,0 0,0,0 4,0,6
103,0 2,0,2 8,25,56
104,10 3,0,13 72,18,424
105,17 36,0,53 117,45,406
106,7 2,0,9 25,36,88
107,13 20,1,34 111,31,408
109,37 33,5,75 201,37,867
110,16 6,0,22 72,31,488
111,9 4,0,13 28,46,71
112,6 7,0,13 30,43,194
113,0 1,0,1 22,5,167
114,0 8,0,8 14,57,49
115,0 4,4,8 8,100,16
116,24 13,2,39 138,28,553
117,12 0,4,16 52,31,222
118,10 0,0,10 35,29,221
119,2 2,0,4 8,50,27
120,2 3,0,5 21,24,78
121,7 8,0,15 28,54,80
122,6 13,0,19 58,33,252
123,13 10,4,27 49,55,478
124,8 9,0,17 33,52,118
"",,,,Total Total,Percent,Total
Unit,Bucks,Does,Fawns,Harvest Hunters,Success,Rec. Days
125,19,18,0,37 130,28,734
126,13,19,0,32 82,39,323
127,33,20,0,53 99,54,360
128,8,15,11,34 87,39,660
129,23,12,0,35 75,47,551
130,3,5,0,8 29,28,88
132,13,4,0,17 82,21,313
133,0,0,0,0 6,0,17
134,9,0,0,9 23,39,195
135,0,8,0,8 22,36,91
136,0,3,0,3 26,12,98
137,4,0,0,4 17,24,53
139,17,9,0,26 53,49,197
140,6,4,0,10 21,48,76
141,3,0,0,3 6,50,15
143,21,4,0,25 68,37,305
144,21,4,0,25 78,32,306
145,8,0,0,8 23,35,70
146,10,16,2,28 52,54,388
147,2,0,0,2 14,14,70
Total,471,363,37,"871 2,715",32,"12,911"
"2018 Deer Harvest, Hunters and Recreation Days for All Whitetail Only Archery Seasons",,,,,,
"",,,,Total Total,Percent,Total
Unit,Bucks,Does,Fawns,Harvest Hunters,Success,Rec. Days
103,0,2,0,2 8,25,56
104,9,0,0,9 26,35,290
105,0,0,0,0 6,0,46
106,0,0,0,0 3,0,11
107,0,0,1,1 17,6,81
109,7,4,0,11 37,30,313
110,12,0,0,12 44,27,414
111,0,0,0,0 4,0,20
112,2,6,0,8 25,32,186
113,0,0,0,0 13,0,127
114,0,0,0,0 2,0,6
116,2,0,0,2 2,100,61
117,0,0,0,0 2,0,73
118,8,0,0,8 19,42,185
119,0,0,0,0 4,0,16
120,2,3,0,5 17,29,74
121,0,0,0,0 5,0,29
122,0,0,0,0 22,0,123
123,8,3,0,11 29,38,436
124,8,7,0,15 22,68,86
125,3,3,0,6 47,13,340
126,3,0,0,3 17,18,107
127,6,5,0,11 28,39,159
128,0,2,2,4 35,11,449
129,11,0,0,11 29,38,394
130,3,0,0,3 15,20,51
132,3,0,0,3 32,9,123
133,0,0,0,0 3,0,3
134,3,0,0,3 6,50,129
"",,,,Total Total,Percent,Total
Unit,Bucks,Does,Fawns,Harvest Hunters,Success,Rec. Days
135,0,0,0,0 5,0,23
136,0,0,0,0 17,0,73
139,0,0,0,0 5,0,68
143,0,3,0,3 12,25,48
144,1,0,0,1 18,6,83
145,0,0,0,0 3,0,20
146,6,8,0,14 17,82,245
147,0,0,0,0 3,0,9
Total,97,46,3,146 599,24,"4,957"
"2018 Deer Harvest, Hunters and Recreation Days for All Whitetail Only Muzzleloader",,,,,,
Seasons,,,,,,
"",,,,Total Total,Percent,Total
Unit,Bucks,Does,Fawns,Harvest Hunters,Success,Rec. Days
104,0,0,0,0 3,0,8
105,2,4,0,6 7,86,24
106,2,0,0,2 2,100,8
109,2,5,2,9 37,24,128
110,2,2,0,4 10,40,28
111,2,0,0,2 5,40,9
112,0,1,0,1 1,100,4
113,0,1,0,1 1,100,1
116,0,1,0,1 1,100,9
117,0,0,1,1 4,25,16
118,0,0,0,0 10,0,30
122,0,0,0,0 5,0,18
123,0,5,2,7 8,88,15
124,0,0,0,0 2,0,10
125,0,5,0,5 7,71,32
126,0,4,0,4 16,25,67
127,6,0,0,6 8,75,20
128,2,4,0,6 13,46,59
129,0,0,0,0 1,0,9
130,0,2,0,2 6,33,24
132,2,0,0,2 4,50,20
134,0,0,0,0 2,0,2
135,0,2,0,2 5,40,18
139,0,2,0,2 5,40,20
143,0,0,0,0 3,0,8
144,0,0,0,0 4,0,13
145,0,0,0,0 1,0,5
146,0,2,2,4 6,67,39
Total,20,40,7,67 177,38,644
"",,,,Total,Total,Percent,Total
Unit,Bucks,Does,Fawns,Harvest,Hunters,Success,Rec. Days
48,0,0,0,0,25,0,131
481,0,0,0,0,4,0,12
49,0,0,0,0,4,0,10
511,0,0,0,0,6,0,35
58,4,2,0,6,15,40,25
581,0,0,0,0,17,0,68
59,4,0,0,4,62,6,209
591,19,6,0,25,116,22,617
69,4,12,0,16,54,30,356
84,12,10,0,22,189,12,765
85,10,8,2,20,64,31,332
851,2,0,2,4,15,27,89
86,4,0,0,4,17,24,83
861,0,0,0,0,4,0,6
104,1,3,0,4,43,9,126
105,15,32,0,47,104,45,336
106,5,2,0,7,20,35,69
107,13,20,0,33,94,35,327
109,28,24,3,55,127,43,426
110,2,4,0,6,18,33,46
111,7,4,0,11,19,58,42
112,4,0,0,4,4,100,4
113,0,0,0,0,8,0,39
114,0,8,0,8,12,67,43
115,0,4,4,8,8,100,16
116,22,12,2,36,135,27,483
117,12,0,3,15,46,33,133
118,2,0,0,2,6,33,6
119,2,2,0,4,4,100,11
120,0,0,0,0,4,0,4
121,7,8,0,15,23,65,51
122,6,13,0,19,31,61,111
123,5,2,2,9,12,75,27
124,0,2,0,2,9,22,22
125,16,10,0,26,76,34,362
126,10,15,0,25,49,51,149
127,21,15,0,36,63,57,181
128,6,9,9,24,39,62,152
129,12,12,0,24,45,53,148
130,0,3,0,3,8,38,13
132,8,4,0,12,46,26,170
133,0,0,0,0,3,0,14
134,6,0,0,6,15,40,64
135,0,6,0,6,12,50,50
136,0,3,0,3,9,33,25
137,4,0,0,4,17,24,53
139,17,7,0,24,43,56,109
140,6,4,0,10,21,48,76
141,3,0,0,3,6,50,15
143,21,1,0,22,53,42,249
144,20,4,0,24,56,43,210
145,8,0,0,8,19,42,45
146,4,6,0,10,29,34,104
147,2,0,0,2,11,18,61
Total,354,277,27,658,"1,939",34,"7,310"
"",,,,Total Total,Percent,Total
Unit,Bucks,Does,Fawns,Harvest Hunters,Success,Rec. Days
89,14,16,0,30 104,29,363
90,18,23,6,47 96,49,351
91,0,51,0,51 71,72,850
92,0,51,0,51 86,59,598
93,9,0,0,9 39,23,192
95,14,32,12,58 123,47,731
96,0,47,11,58 153,38,925
97,0,0,0,0 5,0,9
98,14,5,0,19 48,40,195
99,18,5,5,28 95,29,551
100,14,9,0,23 48,48,242
101,30,6,0,36 78,46,402
102,66,44,0,110 202,54,900
Total,197,289,34,"520 1,148",45,"6,309"
"2018 Deer Harvest, Hunters and Recreation Days for Season Choice Seasons by Manner",,,,,,
of Take,,,,,,
"",,,,Total,,Total
Units,Manner of Take,,Bucks,Does Fawns Harvest,,Rec. Days
"89, 90, 95",Archery,,5,5 0,10,519
"89, 90, 95",Muzzleloader,,0,0 0,0,53
"89, 90, 95",Rifle,,41,66 18,125,873
91,Archery,,0,0 0,0,135
91,Muzzleloader,,0,0 0,0,0
91,Rifle,,0,51 0,51,715
92,Archery,,0,0 0,0,128
92,Muzzleloader,,0,0 0,0,31
92,Rifle,,0,51 0,51,439
"93, 97, 98, 100",Archery,,0,0 0,0,333
"93, 97, 98, 100",Muzzleloader,,0,5 0,5,50
"93, 97, 98, 100",Rifle,,55,14 5,74,806
96,Archery,,0,0 0,0,225
96,Muzzleloader,,0,0 0,0,30
96,Rifle,,0,47 11,58,640
"101,102",Archery,,7,9 0,16,254
"101,102",Muzzleloader,,0,0 0,0,84
"101,102",Rifle,,89,41 0,130,964
Total,,,197,289 34,520,"6,309"
"2018 Deer Harvest, Hunters and Recreation Days for All Bosque del Oso Seasons",,,,,,
"",,,,Total Total,Percent,Total
Season,Bucks,Does,Fawns,Harvest Hunters,Success,Rec. Days
Archery,3,0,0,3 3,100,8
Muzzleloader,3,0,0,3 5,60,27
1st Rifle,4,0,0,2 4,100,12
2nd Rifle,1,0,0,3 4,25,31
Total,11,0,0,11 16,69,78
"",,,,Total Total,Percent,Total
Unit,Bucks,Does,Fawns,Harvest Hunters,Success,Rec. Days
301,0,5,0,5 12,42,132
4,0,5,0,5 26,19,142
13,0,0,0,0 2,0,16
33,0,39,6,45 89,51,449
41,0,4,0,4 10,40,102
481,0,26,0,26 43,60,223
56,0,19,0,19 36,53,264
85,0,63,0,63 99,64,489
104,0,212,13,225 397,57,"5,162"
Total,0,373,19,392 714,55,"6,979"
"2018 Deer Harvest, Hunters and Recreation Days for All Damage, Auction/Raffle & Misc.",,,,,,
Hunts,,,,,,
"",,,,Total Total,Percent,Total
Unit,Bucks,Does,Fawns,Harvest Hunters,Success,Rec. Days
8,0,4,0,4 4,100,12
30,0,3,0,3 4,75,17
41,0,1,0,1 3,33,16
411,4,8,0,12 18,67,97
44,1,0,0,1 1,100,5
511,0,1,0,1 1,100,1
512,15,12,0,27 27,100,30
52,0,12,0,12 16,75,45
521,0,2,0,2 2,100,2
57,0,1,0,1 1,100,1
581,0,14,0,14 16,88,26
59,0,12,1,13 17,76,32
62,9,87,0,96 166,58,669
63,0,0,0,0 6,0,6
64,0,5,0,5 29,17,86
65,0,3,0,3 4,75,6
66,0,0,0,0 1,0,16
681,0,4,0,4 4,100,5
69,0,26,0,26 32,81,55
72,0,4,0,4 5,80,7
741,2,2,0,4 9,44,10
75,0,5,0,5 5,100,15
771,0,4,0,4 7,57,49
79,0,16,0,16 20,80,32
791,0,3,0,3 4,75,8
80,0,7,0,7 7,100,10
81,0,16,0,16 23,70,46
84,0,124,0,124 153,81,394
85,0,7,0,7 12,58,19
86,0,14,0,14 25,56,29
91,0,5,0,5 7,71,8
94,0,3,0,3 5,60,9
96,0,11,0,11 14,79,20
99,0,13,0,13 17,76,37
102,1,2,0,3 5,60,44
103,0,6,0,6 22,27,43
104,9,24,2,35 43,81,292
105,0,12,2,14 14,100,87
107,1,4,0,5 10,50,24
"",,,,Total Total,Percent,Total
Unit,Bucks,Does,Fawns,Harvest Hunters,Success,Rec. Days
109,0,3,1,4 8,50,20
111,1,0,0,1 1,100,16
116,0,5,0,5 5,100,5
120,0,0,0,0 2,0,2
121,0,5,0,5 6,83,11
123,0,15,0,15 18,83,28
124,0,6,0,6 6,100,9
125,0,12,0,12 14,86,18
126,0,5,0,5 5,100,8
128,0,1,0,1 4,25,5
Total,43,529,6,578 828,70,"2,432"
"2018 Deer Harvest, Hunters and Percent Success for 2nd Rifle Seasons (Does Not Include",,,,,,
PLOs),,,,,,
"",Antlered,Antlered,Antlered,Antlerless Antlerless,Antlerless,
Unit,Harvest,Hunters,% Success,Harvest Hunters,% Success,
1,12,12,100,0,0,0
2,17,18,94,0,0,0
201,25,25,100,0,0,0
3,263,428,61,48,53,91
301,160,282,57,33,46,72
4,245,594,41,52,99,53
441,69,159,43,14,14,100
5,39,98,40,2,12,17
6,31,45,69,0,0,0
7,11,203,5,36,124,29
8,55,225,24,36,103,35
9,54,116,47,11,27,41
10,22,23,96,0,0,0
11,120,198,61,8,9,89
211,155,280,55,3,5,60
12,117,382,31,3,3,100
13,102,169,60,3,3,100
131,4,16,25,0,0,0
231,7,49,14,0,0,0
14,31,166,19,0,50,0
214,14,117,12,2,16,13
15,193,567,34,88,207,43
16,28,63,44,0,0,0
161,48,65,74,0,0,0
17,17,47,36,0,0,0
171,14,32,44,0,0,0
18,63,796,8,168,437,38
181,59,255,23,63,131,48
19,83,168,49,38,104,37
191,114,243,47,89,128,70
20,50,155,32,3,10,30
21,225,292,77,0,0,0
22,210,266,79,10,10,100
23,93,289,32,0,6,0
24,25,103,24,3,9,33
25,89,355,25,29,63,46
"",Antlered,Antlered,Antlered,Antlerless,Antlerless,Antlerless
Unit,Harvest,Hunters,% Success,Harvest,Hunters,% Success
26,88,249,35,33,65,51
27,36,247,15,34,106,32
28,96,583,16,84,208,40
29,20,68,29,3,18,17
30,35,95,37,5,10,50
31,87,155,56,0,0,0
32,11,34,32,0,0,0
33,132,534,25,1,1,100
34,21,230,9,8,54,15
35,85,448,19,18,82,22
36,99,383,26,61,122,50
361,10,85,12,6,12,50
37,100,414,24,74,177,42
371,14,145,10,9,47,19
38,10,147,7,3,22,14
39,35,100,35,16,25,64
391,2,7,29,0,0,0
40,49,110,45,0,0,0
41,73,183,40,2,2,100
411,31,100,31,0,0,0
42,32,147,22,2,2,100
421,132,387,34,0,0,0
43,79,246,32,5,7,71
44,37,60,62,3,7,43
444,63,202,31,3,9,33
45,33,127,26,12,35,34
46,38,93,41,3,8,38
461,0,4,0,0,0,0
47,32,52,62,0,0,0
471,6,12,50,0,0,0
48,29,74,39,0,0,0
481,32,113,28,0,0,0
49,144,346,42,11,13,85
50,52,114,46,0,0,0
500,0,40,0,0,0,0
501,75,136,55,34,52,65
51,49,82,60,0,0,0
511,64,83,77,5,5,100
52,121,243,50,0,0,0
521,57,150,38,0,0,0
53,87,116,75,0,0,0
54,87,142,61,0,0,0
55,55,68,81,0,0,0
551,47,58,81,0,0,0
56,36,86,42,0,0,0
561,16,94,17,0,0,0
57,56,112,50,3,3,100
58,86,150,57,0,0,0
581,134,215,62,10,10,100
59,15,37,41,0,0,0
60,23,59,39,0,0,0
61,57,115,50,0,0,0
62,178,373,48,0,0,0
63,65,96,68,0,0,0
64,48,145,33,0,0,0
65,92,259,36,0,0,0
"",Antlered Antlered,Antlered,Antlerless,Antlerless,Antlerless
Unit,Harvest Hunters,% Success,Harvest,Hunters,% Success
66,77 110,70,0,0,0
67,88 116,76,0,0,0
68,67 149,45,0,0,0
681,121 157,77,0,0,0
69,64 172,37,0,0,0
691,11 13,85,0,0,0
70,239 391,61,0,0,0
71,59 117,50,0,0,0
711,94 192,49,0,0,0
72,87 138,63,0,0,0
73,39 87,45,0,0,0
74,37 164,23,0,0,0
741,23 47,49,0,0,0
75,127 339,37,3,6,50
751,144 330,44,3,9,33
76,14 22,64,0,0,0
77,227 549,41,8,8,100
771,38 137,28,2,2,100
78,157 379,41,4,8,50
79,60 82,73,0,0,0
80,74 135,55,0,0,0
81,73 114,64,0,0,0
82,73 129,57,0,0,0
84,85 166,51,0,0,0
85,160 295,54,0,0,0
851,7 30,23,0,0,0
86,16 67,24,0,0,0
861,0 8,0,0,0,0
140,64 79,81,0,0,0
Total,"8,380 21,168",40,"1,210","2,804",43
"2018 Deer Harvest, Hunters and Percent Success for 3rd Rifle Seasons (Does Not Include",,,,,
PLOs),,,,,
"",Antlered Antlered,Antlered,Antlerless,Antlerless,Antlerless
Unit,Harvest Hunters,% Success,Harvest,Hunters,% Success
1,5 5,100,0,0,0
2,13 13,100,0,0,0
201,15 15,100,0,0,0
3,359 527,68,63,77,82
301,208 342,61,37,51,73
4,249 297,84,19,24,79
441,17 35,49,0,5,0
5,26 34,76,3,8,38
6,17 20,85,0,0,0
7,29 149,19,18,117,15
8,49 148,33,0,60,0
9,39 83,47,15,30,50
10,8 8,100,0,0,0
11,217 306,71,8,12,67
211,126 180,70,3,5,60
12,167 335,50,1,3,33
13,66 157,42,2,4,50
"",Antlered,Antlered,Antlered,Antlerless,Antlerless,Antlerless
Unit,Harvest,Hunters,% Success,Harvest,Hunters,% Success
131,2,12,17,0,0,0
231,2,21,10,0,0,0
14,0,6,0,0,0,0
214,0,6,0,0,3,0
15,135,385,35,54,113,48
16,5,10,50,0,0,0
161,9,12,75,0,0,0
17,0,9,0,0,0,0
171,9,14,64,0,0,0
18,319,812,39,213,481,44
181,150,319,47,112,183,61
19,133,223,60,45,75,60
191,173,333,52,45,105,43
20,82,139,59,0,4,0
21,58,69,84,0,0,0
22,184,250,74,7,9,78
23,41,147,28,2,2,100
24,0,33,0,2,2,100
25,118,271,44,30,69,43
26,70,187,37,36,59,61
27,51,214,24,11,71,15
28,145,474,31,29,213,14
29,0,59,0,13,21,62
30,32,53,60,6,9,67
31,105,146,72,0,0,0
32,9,15,60,0,0,0
33,153,444,34,0,0,0
34,31,190,16,9,18,50
35,188,411,46,26,49,53
36,73,309,24,13,27,48
361,60,126,48,13,18,72
37,174,348,50,83,129,64
371,10,48,21,0,9,0
38,5,74,7,5,14,36
39,18,71,25,7,28,25
391,0,2,0,0,0,0
40,67,91,74,0,0,0
41,96,352,27,2,2,100
411,19,47,40,0,0,0
42,247,520,48,2,2,100
421,206,373,55,0,0,0
43,105,158,66,2,3,67
44,17,19,89,5,8,63
444,48,82,59,4,9,44
45,0,32,0,4,13,31
46,29,79,37,0,7,0
461,4,10,40,0,0,0
47,39,52,75,0,0,0
48,15,47,32,0,0,0
481,14,121,12,0,0,0
49,154,245,63,10,12,83
50,44,124,35,0,0,0
500,11,18,61,0,0,0
501,94,127,74,31,58,53
51,42,72,58,0,0,0
511,61,75,81,5,5,100
"",Antlered,Antlered,Antlered,Antlerless,Antlerless,Antlerless
Unit,Harvest,Hunters,% Success,Harvest,Hunters,% Success
52,57,89,64,0,0,0
521,22,54,41,0,0,0
53,76,79,96,0,0,0
54,29,35,83,0,0,0
55,41,43,95,0,0,0
551,9,17,53,0,0,0
56,40,90,44,0,0,0
561,19,114,17,0,0,0
57,37,146,25,0,2,0
58,80,187,43,8,8,100
581,192,258,74,2,2,100
59,27,33,82,0,0,0
60,28,68,41,0,0,0
61,72,109,66,0,0,0
62,199,343,58,0,0,0
63,55,77,71,0,0,0
64,65,177,37,0,0,0
65,134,281,48,0,0,0
66,41,48,85,0,0,0
67,41,48,85,0,0,0
68,61,118,52,0,0,0
681,96,131,73,0,0,0
682,3,3,100,0,0,0
69,87,159,55,0,0,0
691,29,66,44,0,0,0
70,285,421,68,0,0,0
71,94,202,47,0,0,0
711,161,290,56,0,0,0
72,113,171,66,0,0,0
73,85,164,52,0,0,0
74,8,69,12,0,0,0
741,37,74,50,0,0,0
75,107,271,39,3,5,60
751,100,238,42,3,5,60
76,5,13,38,0,0,0
77,160,373,43,2,8,25
771,139,242,57,0,0,0
78,108,235,46,4,6,67
79,87,113,77,0,0,0
791,3,6,50,0,0,0
80,104,152,68,0,0,0
81,64,129,50,0,0,0
82,34,92,37,0,0,0
84,70,125,56,0,0,0
85,124,221,56,0,0,0
851,7,27,26,0,0,0
86,32,119,27,0,0,0
861,0,15,0,0,0,0
140,27,56,48,0,0,0
Total,"8,960","18,131",49,"1,017","2,262",45
"",Antlered,Antlered,Antlered,Antlerless,Antlerless,Antlerless
Unit,Harvest,Hunters,% Success,Harvest,Hunters,% Success
201,5,5,100,0,0,0
3,11,14,79,0,0,0
301,3,8,38,0,0,0
4,8,16,50,0,0,0
441,3,3,100,0,0,0
5,14,14,100,0,0,0
6,15,15,100,0,0,0
7,19,64,30,0,0,0
8,23,81,28,0,0,0
9,46,69,67,0,0,0
11,8,9,89,0,0,0
211,11,13,85,0,0,0
12,6,6,100,0,0,0
13,6,6,100,0,0,0
15,32,51,63,0,0,0
161,3,5,60,0,0,0
18,62,168,37,0,0,0
181,15,29,52,0,0,0
19,49,97,51,0,0,0
191,173,206,84,0,0,0
20,131,268,49,0,7,0
22,15,20,75,0,0,0
23,3,7,43,0,0,0
25,24,33,73,0,0,0
26,11,41,27,0,0,0
27,4,15,27,0,0,0
28,25,69,36,0,0,0
29,24,97,25,8,19,42
33,13,29,45,0,0,0
34,17,50,34,0,0,0
35,9,22,41,0,0,0
36,9,21,43,0,0,0
37,31,56,55,0,0,0
371,6,18,33,0,0,0
38,8,71,11,0,0,0
39,30,67,45,0,13,0
391,4,4,100,0,0,0
43,12,18,67,0,0,0
44,14,19,74,0,0,0
444,12,21,57,0,0,0
46,47,66,71,8,13,62
461,1,2,50,0,0,0
47,3,3,100,0,0,0
501,17,27,63,0,0,0
51,28,35,80,0,0,0
511,23,25,92,0,0,0
52,4,7,57,0,0,0
521,4,4,100,0,0,0
53,4,8,50,0,0,0
54,4,4,100,0,0,0
55,7,9,78,0,0,0
551,4,8,50,0,0,0
60,4,4,100,0,0,0
63,7,10,70,0,0,0
64,4,6,67,0,0,0
65,11,13,85,0,0,0
"",Antlered,Antlered,Antlered,Antlerless,Antlerless,Antlerless
Unit,Harvest,Hunters,% Success,Harvest,Hunters,% Success
66,9,14,64,0,0,0
67,15,15,100,0,0,0
68,5,10,50,0,0,0
681,2,7,29,0,0,0
69,7,18,39,0,0,0
691,5,7,71,0,0,0
70,28,44,64,0,0,0
71,5,6,83,0,0,0
711,21,27,78,0,0,0
72,10,27,37,0,0,0
73,10,22,45,0,0,0
74,10,24,42,0,0,0
741,4,20,20,0,0,0
75,54,78,69,2,5,40
751,24,71,34,2,2,100
77,51,84,61,5,5,100
771,42,77,55,0,0,0
78,24,37,65,0,0,0
79,1,9,11,0,0,0
80,16,35,46,0,0,0
81,13,27,48,0,0,0
82,3,5,60,0,0,0
84,2,19,11,0,0,0
86,0,4,0,0,0,0
Total,"1,447","2,743",53,25,64,39
